SI,LONABS00,4000,000,270124,876158,CHICKEN THIGHMEAT BX          , 0.000,T1,0.00,8,120.45,CTMB2,00391002
SI,LONABS00,4000,000,270124,876158,3-JOINT WINGS BX- TIPP OFF RTA, 0.000,T1,0.00,7,102.38,W3JB2,00391002
SI,PRECHICK,4000,000,270124,876159,DRUMSTICKS 10KG BOX RTA       , 0.000,T1,0.00,1,10.00,10DSB,00391035
SI,PRECHICK,4000,000,270124,876159,SINGLE LEG BX- 10 KG BOX      , 0.000,T1,0.00,2,20.36,10LSIB,00391035
SI,PRECHICK,4006,000,270124,876159,OVEN READY (11-12) BOX        , 0.000,T1,0.00,4,52.78,C1112B,00391035
SI,PRECHICK,4000,000,270124,876159,CHICKEN PAWS (L) BX           , 0.000,T1,0.00,1,15.00,FELB,00391035
SI,PRECHICK,4000,000,270124,876159,FILLET (TRIM) BX              , 0.000,T1,0.00,2,40.10,FTB,00391035
SI,PRECHICK,4000,000,270124,876159,CHICKEN LIVER HBX             , 0.000,T1,0.00,1,10.00,LVBH,00391035
SI,PRECHICK,4006,000,270124,876159,POUSIN (800-1100) X12 BX      , 0.000,T1,0.00,4,49.04,P8011B12,00391035
SI,PREDAI00,4000,000,270124,876160,FULL LEG MEAT BX              , 0.000,T1,0.00,1,15.07,FLMB,00391031
SI,PREDAI00,4000,000,270124,876160,FILLET (TRIM) BX              , 0.000,T1,0.00,6,121.00,FTB,00391031
SI,PREDAI00,4006,000,270124,876160,POUSIN (800-1100) X12 BX      , 0.000,T1,0.00,5,62.68,P8011B12,00391031
SI,PREGOU00,4000,000,270124,876161,FILLET (TRIM) BX              , 0.000,T1,0.00,3,60.58,FTB,00391033
SI,PREALHAL,4000,000,270124,876162,FILLET (TRIM) BX              , 0.000,T1,0.00,2,40.14,FTB,00391032
SI,PREKGN00,4006,000,270124,876163,OVEN READY (11-12) BOX        , 0.000,T1,0.00,10,128.46,C1112B,00391036
SI,PREKGN00,4000,000,270124,876163,FULL LEG MEAT BX              , 0.000,T1,0.00,2,30.13,FLMB,00391036
SI,PREKGN00,4000,000,270124,876163,FILLET (TRIM) BX              , 0.000,T1,0.00,5,100.72,FTB,00391036
SI,PREASIAC,4006,000,270124,876164,OVEN READY (11-12) BOX        , 0.000,T1,0.00,15,201.94,C1112B,00391016
SI,PREASIAC,4000,000,270124,876164,FULL LEG MEAT BX              , 0.000,T1,0.00,4,60.13,FLMB,00391016
SI,PREASIAC,4000,000,270124,876164,LEG (JUMBO) BOX               , 0.000,T1,0.00,1,13.14,LJB,00391016
SI,PREASIAC,4000,000,270124,876164,LEG (L) BX                    , 0.000,T1,0.00,1,11.66,LLB,00391016
SI,PREASIAC,4000,000,270124,876164,CHICKEN LIVER HBX             , 0.000,T1,0.00,1,15.08,LVBH,00391016
SI,PREASIAC,4000,000,270124,876164,3-JOINT WINGS BX              , 0.000,T1,0.00,1,15.00,W3JB,00391016
SI,LONSKPO0,4000,000,270124,876165,DRUMSTICKS 10KG BOX RTA       , 0.000,T1,0.00,5,50.55,10DSB,00390989
SI,LONSKPO0,4000,000,270124,876165,SINGLE LEG BX- 10 KG BOX      , 0.000,T1,0.00,15,152.34,10LSIB,00390989
SI,LONSKPO0,4006,000,270124,876165,OVEN READY (11-12) BOX        , 0.000,T1,0.00,80,1053.81,C1112B,00390989
SI,LONSKPO0,4000,000,270124,876165,OVEN READY (15-17) BX         , 0.000,T1,0.00,20,272.16,C1517B,00390989
SI,LONSKPO0,4000,000,270124,876165,OVEN READY (LRG) BX           , 0.000,T1,0.00,7,106.90,CLB,00390989
SI,LONSKPO0,4000,000,270124,876165,CHICKEN PAWS (L) BX           , 0.000,T1,0.00,3,45.00,FELB,00390989
SI,LONSKPO0,4000,000,270124,876165,CHICKEN LIVER HBX             , 0.000,T1,0.00,7,105.83,LVBH,00390989
SI,LONCASH0,4000,000,290124,876166,FILLET (TRIM) BX              , 0.000,T1,0.00,2,15.00,FTB,00391287
SI,LONCASH0,4000,000,290124,876166,LEG (S) BX                    , 0.000,T1,0.00,1,5.00,LSB,00391287
SI,LONLEO00,4000,000,290124,876167,HOCKS DOLAV 02071399          , 0.000,T1,0.00,5,2146.00,HD,00391284
SI,LONLEO00,4000,000,290124,876167,CHICKEN BACK DOLAV-02071399   , 0.000,T1,0.00,5,2245.50,JTMBD,00391284
SI,LONLEO00,4000,000,290124,876167,CHICKEN BACK DOUBLE DOLAV-0207, 0.000,T1,0.00,3,1769.00,JTMBDD,00391284
SI,LONLEO00,4000,000,290124,876167,CARCASS DOLAV- 02071399       , 0.000,T1,0.00,1,487.00,JTMCD,00391284
SI,LONLEO00,4000,000,290124,876167,CHICKEN NECK DOLAV- 02071340  , 0.000,T1,0.00,3,1200.00,JTMND,00391284
SI,LONLEO00,4000,000,290124,876167,SKIN  DOLAV- 02071399         , 0.000,T1,0.00,20,8829.50,JTMSD,00391284
SI,LONLEO00,4000,000,290124,876167,THIGHBONE DOLAV- 02071360     , 0.000,T1,0.00,20,8034.50,JTMTBD,00391284
SI,LONLEO00,4000,000,290124,876167,MIX CHICKEN PRODUCTS ( LEO FOO, 0.000,T1,0.00,3,1166.00,LEOMIX,00391284
SI,LONLEO00,4000,000,290124,876167,WING TIPS 02071399            , 0.000,T1,0.00,1,145.00,WTD,00391284
SI,LONCASH0,4000,000,290124,876168,FILLET (TRIM) BX              , 0.000,T1,0.00,1,5.00,FTB,00391283
SI,LONMANJ0,4006,000,290124,876169,OVEN READY (12-13) BX         , 0.000,T1,0.00,2,26.36,C1213B,00391282
SI,LONMANJ0,4000,000,290124,876169,FILLET (TRIM) BX              , 0.000,T1,0.00,2,40.07,FTB,00391282
SI,LONMANJ0,4000,000,290124,876169,3-JOINT WINGS BX              , 0.000,T1,0.00,1,15.14,W3JB,00391282
SI,LONGAF01,4000,000,290124,876170,CHICKEN PAWS (L) BX           , 0.000,T1,0.00,31,465.00,FELB,00391281
SI,LONGAF01,4000,000,290124,876170,FLAT MID WINGS BOX            , 0.000,T1,0.00,264,3960.00,FWB,00391281
SI,LONGAF01,4006,000,290124,876170,WISHBONE FROZEN PALLET 50 HEIG, 0.000,T1,0.00,17,17000.00,WFP,00391281
SI,LONGAF01,4006,000,290124,876171,WISHBONE FROZEN PALLET 50 HEIG, 0.000,T1,0.00,26,26000.00,WFP,00391279
SI,LONGAF01,4006,000,290124,876172,WISHBONE FROZEN PALLET 50 HEIG, 0.000,T1,0.00,26,26000.00,WFP,00391278
SI,LONGAF01,4006,000,290124,876173,WISHBONE FROZEN PALLET 50 HEIG, 0.000,T1,0.00,26,26000.00,WFP,00391277
SI,LONGAF01,4006,000,290124,876174,WISHBONE FROZEN PALLET 50 HEIG, 0.000,T1,0.00,26,26000.00,WFP,00391275
SI,LONGAF01,4006,000,290124,876175,WISHBONE FROZEN PALLET 50 HEIG, 0.000,T1,0.00,26,26000.00,WFP,00391274
SI,LONGAF01,4006,000,290124,876176,WISHBONE FROZEN PALLET 50 HEIG, 0.000,T1,0.00,20,20000.00,WFP,00391273
SI,LONGAF01,4006,000,290124,876177,WISHBONE FROZEN PALLET 50 HEIG, 0.000,T1,0.00,26,26000.00,WFP,00391272
SI,LONGAF01,4006,000,290124,876178,WISHBONE FROZEN PALLET 50 HEIG, 0.000,T1,0.00,26,26000.00,WFP,00391271
SI,LONGAF01,4006,000,290124,876179,WISHBONE FROZEN PALLET 50 HEIG, 0.000,T1,0.00,26,26000.00,WFP,00391270
SI,LONGAF01,4006,000,290124,876180,WISHBONE FROZEN PALLET 50 HEIG, 0.000,T1,0.00,21,21000.00,WFP,00391268
SI,LONGAF01,4006,000,290124,876181,WISHBONE FROZEN PALLET 50 HEIG, 0.000,T1,0.00,26,26000.00,WFP,00391269
SI,LONPOP00,4000,000,290124,876182,MILD 9 PIECE CUT- 184325 (2X 9, 0.000,T1,0.00,3,56.81,PM9PRB01,00391267
SI,LONPOP00,4000,000,290124,876182,MILD BREAST STRIP- 184318 (2X , 0.000,T1,0.00,1,4.67,PMBSRB01,00391267
SI,LONGFCAN,4000,000,290124,876183,DRUMSTICKS 10KG BOX RTA       , 0.000,T1,0.00,1,10.03,10DSB,00391158
SI,LONGFCAN,4000,000,290124,876183,FILLET (TRIM) BX              , 0.000,T1,0.00,1,5.17,FTB,00391158
SI,LONGFCAN,4000,000,290124,876183,FLAT MID WINGS BOX            , 0.000,T1,0.00,1,5.16,FWB,00391158
SI,LONMICK1,4000,000,290124,876184,FILLET (TRIM) BX              , 0.000,T1,0.00,10,201.18,FTB,00391259
SI,LONDIXIX,4000,000,290124,876185,FILLET (TRIM) BX              , 0.000,T1,0.00,2,40.16,FTB,00391248
SI,LONGAF01,4000,000,290124,876186,CHICKEN PAWS (L) BX           , 0.000,T1,0.00,107,1605.00,FELB,00391159
SI,LONGAF01,4000,000,290124,876187,3-JOINT WINGS BX (FROZEN)     , 0.000,T1,0.00,200,2041.39,W3JBF,00391160
SI,BOLBARFL,4000,000,290124,876188,SINGLE LEG HBX                , 0.000,T1,0.00,15,151.88,10LSIBH,00391041
SI,BOLBARFL,4000,000,290124,876188,CHICKEN LIVER HBX             , 0.000,T1,0.00,1,5.00,LVBH,00391041
SI,BOLBARFL,4006,000,290124,876188,POUSIN (800-1100) X12 HBX     , 0.000,T1,0.00,44,575.36,P811BH12,00391041
SI,PREBARTR,4006,000,290124,876189,OVEN READY (11-12) BOX        , 0.000,T1,0.00,18,209.94,C1112B,00391039
SI,PRE786LT,4000,000,290124,876190,DRUMSTICKS 10KG BOX RTA       , 0.000,T1,0.00,1,5.02,10DSB,00391052
SI,PRE786LT,4000,000,290124,876190,SINGLE LEG BX- 10 KG BOX      , 0.000,T1,0.00,2,20.32,10LSIB,00391052
SI,PRE786LT,4006,000,290124,876190,OVEN READY (11-12) BOX        , 0.000,T1,0.00,6,74.22,C1112B,00391052
SI,PRE786LT,4000,000,290124,876190,OVEN READY (15-17) BX         , 0.000,T1,0.00,5,65.14,C1517B,00391052
SI,PRE786LT,4000,000,290124,876190,OVEN READY (17-20)  BOX       , 0.000,T1,0.00,1,14.66,C1720B,00391052
SI,PRE786LT,4000,000,290124,876190,OVEN READY (LRG) BX           , 0.000,T1,0.00,1,11.72,CLB,00391052
SI,PRE786LT,4000,000,290124,876190,INNER FILLET BX               , 0.000,T1,0.00,1,20.16,FIB,00391052
SI,PRE786LT,4000,000,290124,876190,FULL LEG MEAT BX              , 0.000,T1,0.00,3,35.08,FLMB,00391052
SI,PRE786LT,4000,000,290124,876190,FULL LEG MEAT (SKIN) BX       , 0.000,T1,0.00,3,40.16,FLMSB,00391052
SI,PRE786LT,4000,000,290124,876190,FILLET (TRIM) BX              , 0.000,T1,0.00,13,221.55,FTB,00391052
SI,PRE786LT,4000,000,290124,876190,CHICKEN LIVER HBX             , 0.000,T1,0.00,2,10.03,LVBH,00391052
SI,PRE786LT,4000,000,290124,876190,MID & PRIME BX-RED TRACTOR    , 0.000,T1,0.00,1,20.11,MIDPRIB,00391052
SI,PRE786LT,4000,000,290124,876190,B WINGS (NIBLET-SK/ON) BX     , 0.000,T1,0.00,4,60.25,NBON,00391052
SI,PRE786LT,4000,000,290124,876190,3-JOINT WINGS BX              , 0.000,T1,0.00,6,90.34,W3JB,00391052
SI,PREADA00,4000,000,290124,876191,CHICKEN THIGHMEAT HBX         , 0.000,T1,0.00,1,4.63,CTMBH,00391045
SI,PREADA00,4000,000,290124,876191,FILLET (TRIM) BX              , 0.000,T1,0.00,3,60.29,FTB,00391045
SI,PREGANI0,4000,000,290124,876192,DRUMSTICKS 10KG BOX RTA       , 0.000,T1,0.00,1,10.00,10DSB,00391040
SI,PREGANI0,4000,000,290124,876192,CHICKEN THIGHMEAT BX          , 0.000,T1,0.00,1,10.09,CTMB2,00391040
SI,PREGANI0,4000,000,290124,876192,FILLET (TRIM) BX              , 0.000,T1,0.00,1,20.09,FTB,00391040
SI,PREGANI0,4006,000,290124,876192,POUSIN (800-1100) X12 BX      , 0.000,T1,0.00,2,25.08,P8011B12,00391040
SI,PRERAJ00,4000,000,290124,876193,DRUMSTICKS 10KG BOX RTA       , 0.000,T1,0.00,1,10.01,10DSB,00391030
SI,PRERAJ00,4000,000,290124,876193,OVEN READY (LRG) BX           , 0.000,T1,0.00,3,46.30,CLB,00391030
SI,PRERAJ00,4000,000,290124,876193,LEG (JUMBO) BOX               , 0.000,T1,0.00,2,26.50,LJB,00391030
SI,PRERAJ00,4000,000,290124,876193,CHICKEN LIVER HBX             , 0.000,T1,0.00,1,5.00,LVBH,00391030
SI,PRERAJ00,4006,000,290124,876193,POUSIN (800-1100) X12 BX      , 0.000,T1,0.00,2,25.04,P8011B12,00391030
SI,PREPAK00,4000,000,290124,876194,DRUMSTICKS 10KG BOX RTA       , 0.000,T1,0.00,3,30.09,10DSB,00391038
SI,PREPAK00,4000,000,290124,876194,SINGLE LEG BX- 10 KG BOX      , 0.000,T1,0.00,10,101.59,10LSIB,00391038
SI,PREPAK00,4000,000,290124,876194,FULL LEG MEAT BX              , 0.000,T1,0.00,3,45.09,FLMB,00391038
SI,PREPAK00,4000,000,290124,876194,FILLET (TRIM) BX              , 0.000,T1,0.00,3,60.38,FTB,00391038
SI,PREPAK00,4006,000,290124,876194,POUSIN (800-1100) X12 BX      , 0.000,T1,0.00,10,120.06,P8011B12,00391038
SI,PREKWF00,4000,000,290124,876195,SINGLE LEG BX- 10 KG BOX      , 0.000,T1,0.00,10,100.79,10LSIB,00391043
SI,PREKWF00,4006,000,290124,876195,OVEN READY (11-12) BOX        , 0.000,T1,0.00,25,312.34,C1112B,00391043
SI,PREKWF00,4000,000,290124,876195,CHICKEN PAWS (L) BX           , 0.000,T1,0.00,1,15.00,FELB,00391043
SI,PREKWF00,4000,000,290124,876195,INNER FILLET BX               , 0.000,T1,0.00,1,15.09,FIB,00391043
SI,PREKWF00,4000,000,290124,876195,FILLET (TRIM) BX              , 0.000,T1,0.00,6,120.87,FTB,00391043
SI,PREKWF00,4000,000,290124,876195,CHICKEN LIVER HBX             , 0.000,T1,0.00,1,15.06,LVBH,00391043
SI,PREKWF00,4000,000,290124,876195,B WINGS (NIBLET-SK/ON) BX     , 0.000,T1,0.00,2,30.22,NBON,00391043
SI,LONGFCAN,4000,000,300124,876196,FILLET (TRIM) BX              , 0.000,T1,0.00,1,5.00,FTB,00391289
SI,LONGFCAN,4000,000,300124,876196,FLAT MID WINGS BOX            , 0.000,T1,0.00,1,5.00,FWB,00391289
SI,BLAKHANJ,4006,000,300124,876197,OVEN READY (12-13) HBX        , 0.000,T1,0.00,2,28.24,C1213BH,00391288
SI,BLAKHANJ,4000,000,300124,876197,OVEN READY (15-17) HBX        , 0.000,T1,0.00,1,13.08,C1517BH,00391288
SI,BLAKHANJ,4000,000,300124,876197,FULL LEG MEAT HBX             , 0.000,T1,0.00,1,15.02,FLMBH,00391288
SI,BLAKHANJ,4000,000,300124,876197,FILLET (TRIM) HBX             , 0.000,T1,0.00,5,100.48,FTBH,00391288
SI,BLAKHANJ,4000,000,300124,876197,FLAT MID WINGS HMC BOX        , 0.000,T1,0.00,3,45.63,FWHB,00391288
SI,BLAKHANJ,4000,000,300124,876197,CHICKEN LIVER HBX             , 0.000,T1,0.00,1,15.09,LVBH,00391288
SI,BLAKHANJ,4000,000,300124,876197,B WINGS (NIBLET-SK/ON) HBX    , 0.000,T1,0.00,1,15.23,NBHON,00391288
SI,BLAKHANJ,4006,000,300124,876197,POUSIN (800-1100) X12 HBX     , 0.000,T1,0.00,15,187.57,P811BH12,00391288
SI,BLAKAH20,4000,000,300124,876198,LEG (JUMBO) BOX               , 0.000,T1,0.00,30,397.50,LJB,00391241
SI,BLAKAH20,4006,000,300124,876198,POUSIN (800-1100) X12 BX      , 0.000,T1,0.00,5,62.07,P8011B12,00391241
SI,BLAKASHM,4000,000,300124,876199,OVEN READY (LRG) BX           , 0.000,T1,0.00,20,284.85,CLB,00391240
SI,BLAKASHM,,000,300124,876199,CHICKEN LARGE BLUE BOX PALLET , 0.000,T1,0.00,2,1339.00,CLBP,00391240
SI,BLAYASEE,4000,000,300124,876200,OVEN READY (LRG) BX           , 0.000,T1,0.00,15,208.62,CLB,00391239
SI,BLAMOH00,4006,000,300124,876201,POUSIN (800-1100) X12 BX      , 0.000,T1,0.00,2,23.56,P8011B12,00391238
SI,BLAGR000,4000,000,300124,876202,SINGLE LEG BX- 10 KG BOX      , 0.000,T1,0.00,1,10.14,10LSIB,00391237
SI,BLAGR000,4006,000,300124,876202,OVEN READY (11-12) BOX        , 0.000,T1,0.00,3,37.14,C1112B,00391237
SI,BLAGR000,4000,000,300124,876202,FILLET (TRIM) BX              , 0.000,T1,0.00,1,20.01,FTB,00391237
SI,BLABL000,4000,000,300124,876203,FILLET (TRIM) HBX             , 0.000,T1,0.00,3,60.26,FTBH,00391236
SI,BLABL000,4000,000,300124,876203,FLAT MID WINGS HMC BOX        , 0.000,T1,0.00,1,15.04,FWHB,00391236
SI,BLABL000,4006,000,300124,876203,POUSIN (800-1100) X12 HBX     , 0.000,T1,0.00,1,12.05,P811BH12,00391236
SI,BLASALIM,4000,000,300124,876204,FILLET (TRIM) BX              , 0.000,T1,0.00,1,20.27,FTB,00391235
SI,BLASALIM,4006,000,300124,876204,POUSIN (800-1100) X12 BX      , 0.000,T1,0.00,3,36.26,P8011B12,00391235
SI,BLAHAJIH,4000,000,300124,876205,DRUMSTICKS 10KG BOX RTA       , 0.000,T1,0.00,5,50.83,10DSB,00391234
SI,BLAHAJIH,4000,000,300124,876205,OVEN READY (17-20)  BOX       , 0.000,T1,0.00,10,147.40,C1720B,00391234
SI,BLAHAJIH,4000,000,300124,876205,CHICKEN LIVER HBX             , 0.000,T1,0.00,1,10.00,LVBH,00391234
SI,BLAHAJIH,4006,000,300124,876205,POUSIN (800-1100) X12 BX      , 0.000,T1,0.00,2,24.44,P8011B12,00391234
SI,BLAANWER,,000,300124,876206,CHICKEN LARGE BLUE BOX PALLET , 0.000,T1,0.00,2,1119.00,CLBP,00391232
SI,BLAANWER,4000,000,300124,876206,FILLET (TRIM) BX              , 0.000,T1,0.00,5,100.49,FTB,00391232
SI,BLAANWER,4006,000,300124,876206,POUSIN (800-1100) X12 BX      , 0.000,T1,0.00,13,162.10,P8011B12,00391232
SI,BLALITHB,4000,000,300124,876207,OVEN READY (13-15) HBX        , 0.000,T1,0.00,8,116.52,C1315BH,00391231
SI,BLALITHB,4006,000,300124,876207,POUSIN (800-1100) X12 HBX     , 0.000,T1,0.00,7,87.24,P811BH12,00391231
SI,BLANEYHM,4000,000,300124,876208,OVEN READY (13-15) HBX        , 0.000,T1,0.00,1,13.25,C1315BH,00391230
SI,BLANEYHM,4000,000,300124,876208,FILLET (TRIM) BX              , 0.000,T1,0.00,9,181.08,FTB,00391230
SI,BLANEYHM,4000,000,300124,876208,FILLET (TRIM) HBX             , 0.000,T1,0.00,2,40.27,FTBH,00391230
SI,BLANEYHM,4006,000,300124,876208,POUSIN (800-1100) X12 HBX     , 0.000,T1,0.00,5,62.20,P811BH12,00391230
SI,BLAKQFSS,4000,000,300124,876209,DRUMSTICKS (SML) HMC 10KG BOX , 0.000,T1,0.00,2,20.20,10DSBH,00391228
SI,BLAKQFSS,4000,000,300124,876209,SINGLE LEG HBX                , 0.000,T1,0.00,2,20.20,10LSIBH,00391228
SI,BLAKQFSS,4000,000,300124,876209,FULL LEG MEAT HBX             , 0.000,T1,0.00,3,45.15,FLMBH,00391228
SI,BLAKQFSS,4000,000,300124,876209,FILLET (TRIM) HBX             , 0.000,T1,0.00,16,322.10,FTBH,00391228
SI,BLAKQFSS,4000,000,300124,876209,B WINGS (NIBLET-SK/OF) BX     , 0.000,T1,0.00,1,15.12,NBH,00391228
SI,BLAKQFSS,4006,000,300124,876209,POUSIN (800-1100) X12 HBX     , 0.000,T1,0.00,15,183.11,P811BH12,00391228
SI,BLAASIA0,4000,000,300124,876210,DRUMSTICKS (SML) HMC 10KG BOX , 0.000,T1,0.00,10,102.01,10DSBH,00391227
SI,BLAASIA0,4000,000,300124,876210,SINGLE LEG HBX                , 0.000,T1,0.00,10,101.59,10LSIBH,00391227
SI,BLAASIA0,4006,000,300124,876210,OVEN READY (11-12) HBX        , 0.000,T1,0.00,2,24.35,C1112BH,00391227
SI,BLAASIA0,4000,000,300124,876210,OVEN READY (13-15) HBX        , 0.000,T1,0.00,40,482.15,C1315BH,00391227
SI,BLAASIA0,4000,000,300124,876210,FULL LEG MEAT HBX             , 0.000,T1,0.00,5,75.41,FLMBH,00391227
SI,BLAASIA0,4000,000,300124,876210,FILLET (TRIM) HBX             , 0.000,T1,0.00,23,462.63,FTBH,00391227
SI,BLAASIA0,4000,000,300124,876210,CHICKEN LIVER HBX             , 0.000,T1,0.00,1,15.05,LVBH,00391227
SI,BLAASIA0,4000,000,300124,876210,B WINGS (NIBLET-SK/OF) BX     , 0.000,T1,0.00,1,15.87,NBH,00391227
SI,BLAASIA0,4000,000,300124,876210,3-JOINT WINGS HBX             , 0.000,T1,0.00,1,15.09,W3JBH,00391227
SI,BLABARK0,4006,000,300124,876211,OVEN READY (11-12) BOX        , 0.000,T1,0.00,36,433.80,C1112B,00391226
SI,BLABARK0,4000,000,300124,876211,FULL LEG MEAT BX              , 0.000,T1,0.00,7,105.43,FLMB,00391226
SI,BLABARK0,4000,000,300124,876211,FILLET (TRIM) BX              , 0.000,T1,0.00,10,201.59,FTB,00391226
SI,BLABARK0,4000,000,300124,876211,B WINGS (NIBLET) BX           , 0.000,T1,0.00,1,15.20,NB,00391226
SI,BLABARK0,4000,000,300124,876211,2-JOINT WINGS BX              , 0.000,T1,0.00,2,30.27,W2JB,00391226
SI,BLABARK0,4000,000,300124,876211,3-JOINT WINGS BX              , 0.000,T1,0.00,1,15.06,W3JB,00391226
SI,BLAPKFO0,4000,000,300124,876212,DRUMSTICKS (SML) HMC 10KG BOX , 0.000,T1,0.00,10,102.42,10DSBH,00391224
SI,BLAPKFO0,4000,000,300124,876212,SINGLE LEG HBX                , 0.000,T1,0.00,10,101.50,10LSIBH,00391224
SI,BLAPKFO0,4006,000,300124,876212,OVEN READY (11-12) HBX        , 0.000,T1,0.00,42,506.10,C1112BH,00391224
SI,BLAPKFO0,4000,000,300124,876212,INNER FILLET HBX              , 0.000,T1,0.00,2,30.27,FIBH,00391224
SI,BLAPKFO0,4000,000,300124,876212,FULL LEG MEAT HBX             , 0.000,T1,0.00,5,75.31,FLMBH,00391224
SI,BLAPKFO0,4000,000,300124,876212,FILLET (TRIM) HBX             , 0.000,T1,0.00,25,503.39,FTBH,00391224
SI,BLAPKFO0,4000,000,300124,876212,FLAT MID WINGS HMC BOX        , 0.000,T1,0.00,5,75.22,FWHB,00391224
SI,BLAPKFO0,4000,000,300124,876212,CHICKEN LIVER HBX             , 0.000,T1,0.00,1,15.06,LVBH,00391224
SI,BLAPKFO0,4000,000,300124,876212,B WINGS (NIBLET-SK/OF) BX     , 0.000,T1,0.00,1,15.11,NBH,00391224
SI,BLABLACK,4000,000,300124,876213,DRUMSTICKS (SML) HMC 10KG BOX , 0.000,T1,0.00,2,20.39,10DSBH,00391221
SI,BLABLACK,4000,000,300124,876213,SINGLE LEG HBX                , 0.000,T1,0.00,2,20.38,10LSIBH,00391221
SI,BLABLACK,4000,000,300124,876213,INNER FILLET HBX              , 0.000,T1,0.00,2,30.38,FIBH,00391221
SI,BLABLACK,4000,000,300124,876213,FULL LEG MEAT HBX             , 0.000,T1,0.00,5,75.34,FLMBH,00391221
SI,BLABLACK,4000,000,300124,876213,FILLET (TRIM) HBX             , 0.000,T1,0.00,15,301.48,FTBH,00391221
SI,BLABLACK,4000,000,300124,876213,B WINGS (NIBLET-SK/OF) BX     , 0.000,T1,0.00,1,15.04,NBH,00391221
SI,BLABLACK,4006,000,300124,876213,POUSIN (800-1100) X12 HBX     , 0.000,T1,0.00,10,123.16,P811BH12,00391221
SI,LONMOR00,4000,000,300124,876214,DICED BREAST FILLET 20MM TRAY , 0.000,T1,0.00,6,90.35,DBM20RTA,00391255
SI,LONMOR00,4000,000,300124,876214,DICED LEG MEAT 20MM RTA       , 0.000,T1,0.00,7,105.41,DLM20RTA,00391255
SI,LONA1PWL,4000,000,300124,876215,DRUMSTICKS 10KG BOX RTA       , 0.000,T1,0.00,150,1532.73,10DSB,00391166
SI,LONA1PWL,4000,000,300124,876215,DRUMSTICKS (SML) HMC 10KG BOX , 0.000,T1,0.00,20,205.23,10DSBH,00391166
SI,LONA1PWL,4000,000,300124,876215,SINGLE LEG BX- 10 KG BOX      , 0.000,T1,0.00,200,2031.21,10LSIB,00391166
SI,LONA1PWL,4000,000,300124,876215,SINGLE LEG HBX                , 0.000,T1,0.00,20,203.54,10LSIBH,00391166
SI,LONA1PWL,4000,000,300124,876215,OVEN READY (13-15) HBX        , 0.000,T1,0.00,20,296.80,C1315BH,00391166
SI,LONA1PWL,4000,000,300124,876215,OVEN READY (LRG) BX           , 0.000,T1,0.00,40,557.10,CLB,00391166
SI,LONA1PWL,4000,000,300124,876215,2-JOINT WINGS BX              , 0.000,T1,0.00,15,228.26,W2JB,00391166
SI,LONA1PWL,4000,000,300124,876215,3-JOINT WINGS BX              , 0.000,T1,0.00,34,512.44,W3JB,00391166
SI,LONKHAIB,4000,000,300124,876216,INNER FILLET BX               , 0.000,T1,0.00,2,30.15,FIB,00391218
SI,LONKHAIB,4000,000,300124,876216,FILLET (TRIM) BX              , 0.000,T1,0.00,6,120.55,FTB,00391218
SI,LONCRPR0,4000,000,300124,876217,CHICKEN FILLET HEEL 100-120G R, 0.000,T1,0.00,120,1808.27,FM1120RT,00391200
SI,LONCRPR0,4000,000,300124,876217,CHICKEN FILLET SHOULDER 70-80G, 0.000,T1,0.00,46,690.84,FS7080RT,00391200
SI,LONCRPR0,4000,000,300124,876217,CHICKEN FILLET TAILS 70-80G   , 0.000,T1,0.00,46,693.67,FT7080RT,00391200
SI,LONCRPR0,4000,000,300124,876217,OYSTER THIGH TRAY SKIN OFF RTA, 0.000,T1,0.00,80,1214.27,OTT,00391200
SI,LONFRECH,,000,300124,876218,DOUBLE BREAST X 20 RTA        , 0.000,T1,0.00,299,4858.10,DBRT20T,00391246
SI,LONFRECH,4000,000,300124,876218,INNER FILLET  RTA TRAYS       , 0.000,T1,0.00,40,601.54,FINREDT,00391246
SI,LONFRECH,4000,000,300124,876218,FILLET 250-300G RTA IN TRAYS (, 0.000,T1,0.00,166,2506.19,FRT2530T,00391246
SI,LONNEWB0,4000,000,300124,876219,CARCASS DOLAV- 02071399       , 0.000,T1,0.00,2,449.50,JTMCD,00391252
SI,LONNEWB0,4000,000,300124,876219,CARCASS DOUBLE DOLAV- 02071399, 0.000,T1,0.00,3,1530.50,JTMCDD,00391252
SI,LONNEWB0,4000,000,300124,876220,CARCASS DOLAV- 02071399       , 0.000,T1,0.00,6,1470.00,JTMCD,00391250
SI,LONNEWB0,4000,000,300124,876220,LEG LINE TRIM IN DOLAV        , 0.000,T1,0.00,2,801.00,LTRD,00391250
SI,LONNEWB0,4000,000,300124,876220,CHICKEN WISHBONE DOLAV - 02071, 0.000,T1,0.00,2,1000.00,WISHBONE,00391250
SI,LONKOO00,4000,000,300124,876221,CHICKEN THIGHMEAT BX          , 0.000,T1,0.00,40,602.28,CTMB2,00391247
SI,LONKOO00,4000,000,300124,876221,CHICKEN BREAST FILLET RTA BOX , 0.000,T1,0.00,40,604.93,FRTB,00391247
SI,LONALFHM,4000,000,300124,876222,OVEN READY (13-15) HBX        , 0.000,T1,0.00,20,296.98,C1315BH,00391233
SI,LONMAK00,4006,000,300124,876223,OVEN READY (11-12) BOX        , 0.000,T1,0.00,70,959.30,C1112B,00391219
SI,LONMAK00,4000,000,300124,876223,OVEN READY (13-15) BX         , 0.000,T1,0.00,40,534.64,C1315B,00391219
SI,LONMAK00,4006,000,300124,876223,POUSIN (800-1100) X12 BX      , 0.000,T1,0.00,5,64.58,P8011B12,00391219
SI,LONHUA00,4000,000,300124,876224,DRUMSTICKS (SML) HMC 10KG BOX , 0.000,T1,0.00,30,308.37,10DSBH,00391217
SI,LONHUA00,4000,000,300124,876224,SINGLE LEG HBX                , 0.000,T1,0.00,30,304.92,10LSIBH,00391217
SI,LONHUA00,4006,000,300124,876224,OVEN READY (11-12) HBX        , 0.000,T1,0.00,40,514.56,C1112BH,00391217
SI,LONHUA00,4006,000,300124,876224,OVEN READY (12-13) HBX        , 0.000,T1,0.00,10,132.68,C1213BH,00391217
SI,LONHUA00,4000,000,300124,876224,OVEN READY (13-15) HBX        , 0.000,T1,0.00,40,591.62,C1315BH,00391217
SI,LONHUA00,4000,000,300124,876224,OVEN READY (15-17) HBX        , 0.000,T1,0.00,5,65.50,C1517BH,00391217
SI,LONHUA00,4000,000,300124,876224,INNER FILLET HBX              , 0.000,T1,0.00,30,301.34,FIBH,00391217
SI,LONHUA00,4000,000,300124,876224,FILLET (TRIM) HBX             , 0.000,T1,0.00,30,602.74,FTBH,00391217
SI,LONHUA00,4000,000,300124,876224,CHICKEN LIVER HBX             , 0.000,T1,0.00,1,15.14,LVBH,00391217
SI,LONHUA00,4000,000,300124,876224,B WINGS (NIBLET-SK/ON) HBX    , 0.000,T1,0.00,30,451.84,NBHON,00391217
SI,LONALBHM,4000,000,300124,876225,DRUMSTICKS 10KG BOX RTA       , 0.000,T1,0.00,4,40.77,10DSB,00391177
SI,LONALBHM,4006,000,300124,876225,OVEN READY (11-12) BOX        , 0.000,T1,0.00,10,133.00,C1112B,00391177
SI,LONALBHM,4000,000,300124,876225,FILLET (TRIM) HBX             , 0.000,T1,0.00,15,301.32,FTBH,00391177
SI,LONALBHM,4000,000,300124,876225,FLAT MID WINGS BOX            , 0.000,T1,0.00,5,75.42,FWB,00391177
SI,LONMCT00,4000,000,300124,876226,OVEN READY (20-22) BX         , 0.000,T1,0.00,135,1634.07,C2022B,00391151
SI,LONBENPF,4006,000,300124,876227,THIGH MEAT TRAY               , 0.000,T1,0.00,43,647.35,TMRTT,00391190
SI,LONCRPR0,4006,000,300124,876228,CHICKEN DRUMSTICKS SKINLESS   , 0.000,T1,0.00,40,607.31,DSRTTOFF,00391202
SI,LONBER10,4000,000,300124,876229,FILLET RTA 250-300G TRAYS 2SFG, 0.000,T1,0.00,253,5084.52,FR25302S,00391264
SI,LONBER10,4000,000,300124,876229,FILLET RTA 300-350G TRAYS 2SFG, 0.000,T1,0.00,80,1609.12,FR30352S,00391264
SI,LONBER10,4000,000,300124,876230,FILLET RTA 250-300G TRAYS 2SFG, 0.000,T1,0.00,14,280.95,FR25302S,00391265
SI,LONHAL00,4000,000,300124,876231,OVEN READY (17-20)  BOX       , 0.000,T1,0.00,30,444.94,C1720B,00391181
SI,LONHAL00,4006,000,300124,876231,POUSIN (800-1100) X12 BX      , 0.000,T1,0.00,3,37.76,P8011B12,00391181
SI,LONHAL00,4000,000,300124,876232,SINGLE LEG BX- 10 KG BOX      , 0.000,T1,0.00,2,20.29,10LSIB,00391179
SI,LONHAL00,4000,000,300124,876232,DRUMSTICKS (SML) BX           , 0.000,T1,0.00,1,15.10,DSB,00391179
SI,LONHAL00,4000,000,300124,876232,FULL LEG MEAT BX              , 0.000,T1,0.00,5,75.24,FLMB,00391179
SI,LONHAL00,4000,000,300124,876232,CHICKEN BREAST FILLET RTA BOX , 0.000,T1,0.00,14,282.07,FRTB,00391179
SI,LONHAL00,4000,000,300124,876232,B WINGS (NIBLET) BX           , 0.000,T1,0.00,1,15.01,NB,00391179
SI,LONHAL00,4006,000,300124,876232,POUSIN (800-1100) X12 BX      , 0.000,T1,0.00,8,99.18,P8011B12,00391179
SI,LONHAL00,4006,000,300124,876233,OVEN READY (12-13) BX         , 0.000,T1,0.00,3,40.08,C1213B,00391176
SI,LONHAL00,4000,000,300124,876233,OVEN READY (17-20)  BOX       , 0.000,T1,0.00,22,328.00,C1720B,00391176
SI,LONHAL00,4000,000,300124,876233,DRUMSTICKS (SML) BX           , 0.000,T1,0.00,1,15.10,DSB,00391176
SI,LONHAL00,4000,000,300124,876233,FULL LEG MEAT BX              , 0.000,T1,0.00,2,30.09,FLMB,00391176
SI,LONHAL00,4000,000,300124,876233,B WINGS (NIBLET) BX           , 0.000,T1,0.00,1,15.06,NB,00391176
SI,LONHAL00,4006,000,300124,876233,POUSIN (800-1100) X12 BX      , 0.000,T1,0.00,1,12.36,P8011B12,00391176
SI,LONHAL00,4006,000,300124,876234,OVEN READY (12-13) BX         , 0.000,T1,0.00,2,26.50,C1213B,00391173
SI,LONHAL00,4000,000,300124,876234,OVEN READY (17-20)  BOX       , 0.000,T1,0.00,15,222.16,C1720B,00391173
SI,LONHAL00,4000,000,300124,876234,B WINGS (NIBLET) BX           , 0.000,T1,0.00,1,15.04,NB,00391173
SI,LONHAL00,4006,000,300124,876234,POUSIN (800-1100) X12 BX      , 0.000,T1,0.00,1,12.44,P8011B12,00391173
SI,LONHAL00,4006,000,300124,876235,OVEN READY (12-13) BX         , 0.000,T1,0.00,5,67.38,C1213B,00391171
SI,LONHAL00,4000,000,300124,876235,OVEN READY (17-20)  BOX       , 0.000,T1,0.00,25,368.08,C1720B,00391171
SI,LONHAL00,4000,000,300124,876235,DRUMSTICKS (SML) BX           , 0.000,T1,0.00,1,15.11,DSB,00391171
SI,LONHAL00,4000,000,300124,876235,B WINGS (NIBLET) BX           , 0.000,T1,0.00,1,14.59,NB,00391171
SI,LONHAL00,4006,000,300124,876235,POUSIN (800-1100) X12 BX      , 0.000,T1,0.00,3,35.96,P8011B12,00391171
SI,LONHAL00,4006,000,300124,876236,OVEN READY (12-13) BX         , 0.000,T1,0.00,6,79.56,C1213B,00391170
SI,LONHAL00,4000,000,300124,876236,DRUMSTICKS (SML) BX           , 0.000,T1,0.00,3,45.35,DSB,00391170
SI,LONHAL00,4000,000,300124,876236,FULL LEG MEAT BX              , 0.000,T1,0.00,2,30.06,FLMB,00391170
SI,LONHAL00,4000,000,300124,876236,B WINGS (NIBLET) BX           , 0.000,T1,0.00,1,15.05,NB,00391170
SI,LONHAL00,4006,000,300124,876236,POUSIN (800-1100) X12 BX      , 0.000,T1,0.00,4,49.20,P8011B12,00391170
SI,LONHAL00,4006,000,300124,876237,OVEN READY (12-13) BX         , 0.000,T1,0.00,8,105.56,C1213B,00391169
SI,LONHAL00,4000,000,300124,876237,OVEN READY (17-20)  BOX       , 0.000,T1,0.00,1,14.80,C1720B,00391169
SI,LONHAL00,4000,000,300124,876237,DRUMSTICKS (SML) BX           , 0.000,T1,0.00,1,15.01,DSB,00391169
SI,LONHAL00,4000,000,300124,876237,FULL LEG MEAT BX              , 0.000,T1,0.00,2,30.09,FLMB,00391169
SI,LONHAL00,4000,000,300124,876237,B WINGS (NIBLET) BX           , 0.000,T1,0.00,1,15.09,NB,00391169
SI,LONHAL00,4006,000,300124,876237,POUSIN (800-1100) X12 BX      , 0.000,T1,0.00,3,36.46,P8011B12,00391169
SI,LONHAL00,4006,000,300124,876238,OVEN READY (12-13) BX         , 0.000,T1,0.00,12,159.16,C1213B,00391167
SI,LONHAL00,4000,000,300124,876238,DRUMSTICKS (SML) BX           , 0.000,T1,0.00,4,60.56,DSB,00391167
SI,LONHAL00,4000,000,300124,876238,FULL LEG MEAT BX              , 0.000,T1,0.00,4,60.22,FLMB,00391167
SI,LONHAL00,4000,000,300124,876238,B WINGS (NIBLET) BX           , 0.000,T1,0.00,1,15.06,NB,00391167
SI,LONHAL00,4006,000,300124,876238,POUSIN (800-1100) X12 BX      , 0.000,T1,0.00,3,36.82,P8011B12,00391167
SI,LONSHAZ0,4000,000,300124,876239,FILLET RTA 150-200G TRAY 2SFG , 0.000,T1,0.00,57,1144.15,F2S1520T,00391263
SI,LONSHAZ0,4000,000,300124,876239,FILLET RTA 350-400G TRAY 2SFG , 0.000,T1,0.00,37,744.41,F3540RT,00391263
SI,LONSHAZ0,4000,000,300124,876239,FILLET RTA 200-250G TRAYS 2SFG, 0.000,T1,0.00,18,362.56,FR20252S,00391263
SI,LONSHAZ0,4000,000,300124,876239,FILLET RTA 300-350G TRAYS 2SFG, 0.000,T1,0.00,158,3178.09,FR30352S,00391263
SI,LONSHAZ0,4000,000,300124,876239,THIGHMEAT RTA IN TRAYS 2SFG   , 0.000,T1,0.00,150,3008.82,TMRTT2S,00391263
SI,LONHAL00,4000,000,300124,876240,OVEN READY (17-20)  BOX       , 0.000,T1,0.00,12,177.66,C1720B,00391178
SI,LONHAL00,4006,000,300124,876240,POUSIN (800-1100) X12 BX      , 0.000,T1,0.00,1,11.96,P8011B12,00391178
SI,LONBRAK0,4000,000,300124,876241,MILD 9 PIECE CUT- 184325 (2X 9, 0.000,T1,0.00,20,353.10,PM9PRB01,00391258
SI,LONBRAK0,4000,000,300124,876241,MILD BREASTFILLET 184321 (2X 5, 0.000,T1,0.00,272,2726.52,PMBFRB01,00391258
SI,LONBRAK0,4000,000,300124,876241,MILD BREAST STRIP- 184318 (2X , 0.000,T1,0.00,246,2464.18,PMBSRB01,00391258
SI,LONBRAK0,4000,000,300124,876241,SPICY 9 PIECE CUT- 184326 (2X , 0.000,T1,0.00,17,309.93,PS9PRB01,00391258
SI,LONBRAK0,4000,000,300124,876241,SPICY BREAST STRIP- 184319 (2X, 0.000,T1,0.00,88,887.32,PSBSRB01,00391258
SI,LONBRAK0,4000,000,300124,876241,SPICY WINGS  (5KG)  184317 (2X, 0.000,T1,0.00,159,1598.18,PSWIRB01,00391258
SI,LONMUSA0,4000,000,300124,876242,SINGLE LEG BX- 10 KG BOX      , 0.000,T1,0.00,60,607.12,10LSIB,00391149
SI,LONMUSA0,4006,000,300124,876242,OVEN READY (11-12) BOX        , 0.000,T1,0.00,20,273.22,C1112B,00391149
SI,LONMUSA0,4000,000,300124,876242,LEG (JUMBO) BOX               , 0.000,T1,0.00,50,655.23,LJB,00391149
SI,LONKAZON,4000,000,300124,876243,LEG (JUMBO) BOX               , 0.000,T1,0.00,80,1042.03,LJB,00391260
SI,LONGAFRS,4000,000,300124,876244,DRUMSTICKS (SML) HMC 10KG BOX , 0.000,T1,0.00,25,255.25,10DSBH,00391210
SI,LONGAFRS,4000,000,300124,876244,SINGLE LEG HBX                , 0.000,T1,0.00,65,659.52,10LSIBH,00391210
SI,LONGAFRS,4006,000,300124,876244,OVEN READY (11-12) HBX        , 0.000,T1,0.00,54,696.26,C1112BH,00391210
SI,LONGAFRS,4006,000,300124,876244,OVEN READY (12-13) HBX        , 0.000,T1,0.00,25,347.34,C1213BH,00391210
SI,LONGAFRS,4000,000,300124,876244,OVEN READY (15-17) HBX        , 0.000,T1,0.00,15,198.14,C1517BH,00391210
SI,LONGAFRS,4000,000,300124,876244,OVEN READY (LRG) HBX          , 0.000,T1,0.00,5,55.46,CLBH,00391210
SI,LONGAFRS,4000,000,300124,876244,INNER FILLET HBX              , 0.000,T1,0.00,5,75.60,FIBH,00391210
SI,LONGAFRS,4000,000,300124,876244,FULL LEG MEAT HBX             , 0.000,T1,0.00,10,150.74,FLMBH,00391210
SI,LONGAFRS,4000,000,300124,876244,FULL LEG MEAT (SKIN) HBX      , 0.000,T1,0.00,3,45.18,FLMSBH,00391210
SI,LONGAFRS,4000,000,300124,876244,FILLET (TRIM) HBX             , 0.000,T1,0.00,45,904.05,FTBH,00391210
SI,LONGAFRS,4000,000,300124,876244,FLAT MID WINGS HMC BOX        , 0.000,T1,0.00,5,75.45,FWHB,00391210
SI,LONGAFRS,4000,000,300124,876244,LEG (S) HBX                   , 0.000,T1,0.00,6,90.28,LSBH,00391210
SI,LONGAFRS,4000,000,300124,876244,MID & PRIME BX-2              , 0.000,T1,0.00,40,602.00,MPB2,00391210
SI,LONGAFRS,4000,000,300124,876244,B WINGS (NIBLET-SK/OF) BX     , 0.000,T1,0.00,5,75.36,NBH,00391210
SI,LONGAFRS,4000,000,300124,876244,B WINGS (NIBLET-SK/ON) HBX    , 0.000,T1,0.00,18,276.01,NBHON,00391210
SI,LONGAFRS,4000,000,300124,876244,FILLET (OFF-CUT)  BX          , 0.000,T1,0.00,23,346.16,OFFCUTB,00391210
SI,LONGAFRS,4000,000,300124,876244,FILLET (OFF-CUT)  BX          , 0.000,T1,0.00,1,15.10,OFFTHB,00391210
SI,LONGAFRS,4006,000,300124,876244,POUSIN (800-1100) X12 HBX     , 0.000,T1,0.00,21,256.06,P811BH12,00391210
SI,LONGAFRS,4000,000,300124,876244,2-JOINT WINGS HBX             , 0.000,T1,0.00,10,151.02,W2JBH,00391210
SI,LONOPC00,4000,000,300124,876245,DRUMSTICKS (SML) HMC 10KG BOX , 0.000,T1,0.00,4,40.46,10DSBH,00391229
SI,LONOPC00,4000,000,300124,876245,SINGLE LEG HBX                , 0.000,T1,0.00,28,284.26,10LSIBH,00391229
SI,LONOPC00,4006,000,300124,876245,OVEN READY (12-13) HBX        , 0.000,T1,0.00,10,140.31,C1213BH,00391229
SI,LONOPC00,4000,000,300124,876245,OVEN READY (15-17) HBX        , 0.000,T1,0.00,5,65.84,C1517BH,00391229
SI,LONOPC00,4000,000,300124,876245,INNER FILLET HBX              , 0.000,T1,0.00,3,45.50,FIBH,00391229
SI,LONOPC00,4000,000,300124,876245,FULL LEG MEAT HBX             , 0.000,T1,0.00,7,105.39,FLMBH,00391229
SI,LONOPC00,4000,000,300124,876245,FILLET (TRIM) HBX             , 0.000,T1,0.00,24,482.62,FTBH,00391229
SI,LONOPC00,4000,000,300124,876245,FLAT MID WINGS HMC BOX        , 0.000,T1,0.00,6,90.29,FWHB,00391229
SI,LONOPC00,4000,000,300124,876245,MID & PRIME BX-2              , 0.000,T1,0.00,12,180.69,MPB2,00391229
SI,LONOPC00,4000,000,300124,876245,B WINGS (NIBLET-SK/OF) BX     , 0.000,T1,0.00,2,30.22,NBH,00391229
SI,LONOPC00,4000,000,300124,876245,FILLET (OFF-CUT)  BX          , 0.000,T1,0.00,8,120.98,OFFCUTB,00391229
SI,LONOPC00,4000,000,300124,876245,3-JOINT WINGS HBX             , 0.000,T1,0.00,1,15.11,W3JBH,00391229
SI,LONGLOBB,4000,000,300124,876246,DRUMSTICKS 10KG BOX RTA       , 0.000,T1,0.00,50,509.49,10DSB,00391164
SI,LONGLOBB,4000,000,300124,876246,SINGLE LEG BX- 10 KG BOX      , 0.000,T1,0.00,50,505.96,10LSIB,00391164
SI,LONGLOBB,4006,000,300124,876246,OVEN READY (12-13) BX         , 0.000,T1,0.00,20,264.57,C1213B,00391164
SI,LONGLOBB,4000,000,300124,876246,OVEN READY (LRG) BX           , 0.000,T1,0.00,20,271.50,CLB,00391164
SI,LONGLOBB,4000,000,300124,876246,INNER FILLET BX               , 0.000,T1,0.00,5,75.35,FIB,00391164
SI,LONGLOBB,4000,000,300124,876246,B WINGS (NIBLET) BX           , 0.000,T1,0.00,5,75.28,NB,00391164
SI,LONGLOBB,4000,000,300124,876246,B WINGS (NIBLET-SK/ON) BX     , 0.000,T1,0.00,30,451.43,NBON,00391164
SI,LONMK000,4000,000,300124,876247,LEG (JUMBO) BOX               , 0.000,T1,0.00,80,1044.49,LJB,00391141
SI,LONUKH00,4000,000,300124,876248,DRUMSTICKS 10KG BOX RTA       , 0.000,T1,0.00,120,1226.18,10DSB,00391153
SI,LONUKH00,4000,000,300124,876248,SINGLE LEG BX- 10 KG BOX      , 0.000,T1,0.00,180,1821.89,10LSIB,00391153
SI,LONUKH00,4006,000,300124,876248,OVEN READY (11-12) BOX        , 0.000,T1,0.00,20,278.10,C1112B,00391153
SI,LONUKH00,4000,000,300124,876248,B WINGS (NIBLET) BX           , 0.000,T1,0.00,10,150.68,NB,00391153
SI,LONTMC00,4000,000,300124,876249,SINGLE LEG BX- 10 KG BOX      , 0.000,T1,0.00,50,505.99,10LSIB,00391222
SI,LONSHEI0,4000,000,300124,876250,DRUMSTICKS 10KG BOX RTA       , 0.000,T1,0.00,5,50.26,10DSB,00391242
SI,LONSHEI0,4000,000,300124,876250,DRUMSTICKS (SML) HMC 10KG BOX , 0.000,T1,0.00,5,50.67,10DSBH,00391242
SI,LONSHEI0,4000,000,300124,876250,SINGLE LEG BX- 10 KG BOX      , 0.000,T1,0.00,10,101.22,10LSIB,00391242
SI,LONSHEI0,4000,000,300124,876250,SINGLE LEG HBX                , 0.000,T1,0.00,10,101.97,10LSIBH,00391242
SI,LONSHEI0,4006,000,300124,876250,OVEN READY (11-12) BOX        , 0.000,T1,0.00,10,140.62,C1112B,00391242
SI,LONSHEI0,4006,000,300124,876250,OVEN READY (11-12) HBX        , 0.000,T1,0.00,15,196.96,C1112BH,00391242
SI,LONSHEI0,4000,000,300124,876250,OVEN READY (15-17) BX         , 0.000,T1,0.00,5,66.42,C1517B,00391242
SI,LONSHEI0,,000,300124,876250,CHICKEN LARGE BLUE BOX PALLET , 0.000,T1,0.00,2,1020.00,CLBP,00391242
SI,LONSHEI0,4000,000,300124,876250,OVEN READY (LRG) HMC BLUE PAL-, 0.000,T1,0.00,1,515.50,CLPHBB,00391242
SI,LONWILL0,4000,000,300124,876251,CHICKEN DRUMSTICKS HALAL RTA  , 0.000,T1,0.00,60,613.71,DSRB,00391163
SI,LONWILL0,4000,000,300124,876251,OYSTER THIGH RTA BOX          , 0.000,T1,0.00,40,606.06,OTRTB,00391163
SI,LONDISH0,4000,000,300124,876252,CHICKEN LIVER RTA VP 10KG X2 B, 0.000,T1,0.00,2,12.19,PLRVPB01,00391262
SI,LONDISH0,4000,000,300124,876252,THIGHMEAT 5KG SKINON VAC PAC X, 0.000,T1,0.00,12,241.22,PTMV4B01,00391262
SI,LONDISH0,4000,000,300124,876252,THIGHMEAT 5KG VAC PAC X4 RTA B, 0.000,T1,0.00,37,743.97,PTMVSB01,00391262
SI,LONHAQBA,4000,000,300124,876253,DRUMSTICKS (SML) HMC 10KG BOX , 0.000,T1,0.00,20,206.31,10DSBH,00391154
SI,LONHAQBA,4000,000,300124,876253,SINGLE LEG HBX                , 0.000,T1,0.00,20,202.78,10LSIBH,00391154
SI,LONHAQBA,4000,000,300124,876253,OVEN READY (15-17) HBX        , 0.000,T1,0.00,10,131.90,C1517BH,00391154
SI,LONHAQBA,,000,300124,876253,CHICKEN LARGE BLUE BOX PALLET , 0.000,T1,0.00,8,4046.00,CLBP,00391154
SI,LONHAQBA,4000,000,300124,876253,OVEN READY (LRG) HMC BLUE PAL-, 0.000,T1,0.00,2,1039.00,CLPHBB,00391154
SI,LONHAQBA,4000,000,300124,876253,INNER FILLET BX               , 0.000,T1,0.00,10,151.10,FIB,00391154
SI,LONHAQBA,4000,000,300124,876253,INNER FILLET HBX              , 0.000,T1,0.00,5,75.72,FIBH,00391154
SI,LONHAQBA,4000,000,300124,876253,FLAT MID WINGS HMC BOX        , 0.000,T1,0.00,5,75.41,FWHB,00391154
SI,LONHAQBA,4000,000,300124,876253,B WINGS (NIBLET-SK/ON) HBX    , 0.000,T1,0.00,5,75.29,NBHON,00391154
SI,LONHELL0,4000,000,300124,876254,DICED FILLET 260G X45 PACKS   , 0.000,T1,0.00,15,178.79,PDF26045,00391168
SI,LONHELL0,4000,000,300124,876254,DICED THIGH 210G X45 PACKS TRA, 0.000,T1,0.00,15,143.84,PDT21045,00391168
SI,LONHELL0,4000,000,300124,876254,DICED THIGH 260G X45 PACKS    , 0.000,T1,0.00,17,202.36,PDT26045,00391168
SI,LONHAL00,4006,000,300124,876255,OVEN READY (12-13) BX         , 0.000,T1,0.00,6,78.54,C1213B,00391189
SI,LONHAL00,4000,000,300124,876255,CHICKEN BREAST FILLET RTA BOX , 0.000,T1,0.00,8,161.26,FRTB,00391189
SI,LONHAL00,4000,000,300124,876255,B WINGS (NIBLET) BX           , 0.000,T1,0.00,2,30.02,NB,00391189
SI,LONHAL00,4006,000,300124,876255,POUSIN (800-1100) X12 BX      , 0.000,T1,0.00,6,76.18,P8011B12,00391189
SI,LONHAL00,4000,000,300124,876256,OVEN READY (17-20)  BOX       , 0.000,T1,0.00,5,74.26,C1720B,00391211
SI,LONHAL00,4000,000,300124,876256,B WINGS (NIBLET) BX           , 0.000,T1,0.00,1,15.04,NB,00391211
SI,LONHAL00,4006,000,300124,876256,POUSIN (800-1100) X12 BX      , 0.000,T1,0.00,1,12.40,P8011B12,00391211
SI,LONMORRI,4000,000,300124,876257,GB CHICKEN BREAST CHUNKS TRAYS, 0.000,T1,0.00,200,3010.43,MORVPB2,00391256
SI,LONPUNPL,4000,000,300124,876258,DRUMSTICKS 10KG BOX RTA       , 0.000,T1,0.00,15,153.24,10DSB,00391152
SI,LONBESBG,4000,000,300124,876259,DRUMSTICKS 10KG BOX RTA       , 0.000,T1,0.00,2,20.48,10DSB,00391266
SI,LONBESBG,4000,000,300124,876259,OVEN READY (13-15) BX         , 0.000,T1,0.00,10,130.14,C1315B,00391266
SI,LONBESBG,4000,000,300124,876259,INNER FILLET BX               , 0.000,T1,0.00,20,302.09,FIB,00391266
SI,LONBESBG,4000,000,300124,876259,B WINGS (NIBLET) BX           , 0.000,T1,0.00,4,60.34,NB,00391266
SI,LONBESBG,4006,000,300124,876259,POUSIN (800-1100) X12 BX      , 0.000,T1,0.00,4,49.48,P8011B12,00391266
SI,LONKHAWA,4006,000,300124,876260,OVEN READY (12-13) HBX        , 0.000,T1,0.00,20,283.14,C1213BH,00391225
SI,LONKHAWA,4000,000,300124,876260,OVEN READY (13-15) HBX        , 0.000,T1,0.00,10,149.00,C1315BH,00391225
SI,LONKHAWA,4000,000,300124,876260,OVEN READY (15-17) HBX        , 0.000,T1,0.00,30,396.74,C1517BH,00391225
SI,LONKHAWA,4000,000,300124,876260,OVEN READY (17-20) HBX        , 0.000,T1,0.00,10,147.98,C1720BH,00391225
SI,LONKHAWA,4000,000,300124,876260,INNER FILLET HBX              , 0.000,T1,0.00,30,453.59,FIBH,00391225
SI,LONKHAWA,4000,000,300124,876260,FILLET (TRIM) HBX             , 0.000,T1,0.00,15,301.81,FTBH,00391225
SI,LONKHAWA,4000,000,300124,876260,FLAT MID WINGS HMC BOX        , 0.000,T1,0.00,5,75.69,FWHB,00391225
SI,LONKHAWA,4000,000,300124,876260,B WINGS (NIBLET-SK/ON) HBX    , 0.000,T1,0.00,10,150.46,NBHON,00391225
SI,LONPAKPS,4000,000,300124,876261,SINGLE LEG BX- 10 KG BOX      , 0.000,T1,0.00,10,101.18,10LSIB,00391188
SI,LONPAKPS,,000,300124,876261,CHICKEN LARGE BLUE BOX PALLET , 0.000,T1,0.00,7,3631.50,CLBP,00391188
SI,LONPAKPS,4000,000,300124,876261,OVEN READY (LRG) WHITE PALLET(, 0.000,T1,0.00,3,1583.00,CLPWB,00391188
SI,LONPAKPS,4000,000,300124,876261,FLAT MID WINGS BOX            , 0.000,T1,0.00,5,75.27,FWB,00391188
SI,LONPAKPS,4000,000,300124,876261,3-JOINT WINGS BX              , 0.000,T1,0.00,43,648.37,W3JB,00391188
SI,LONTAJHA,4000,000,300124,876262,DRUMSTICKS 10KG BOX RTA       , 0.000,T1,0.00,20,203.14,10DSB,00391143
SI,LONTAJHA,4000,000,300124,876262,SINGLE LEG BX- 10 KG BOX      , 0.000,T1,0.00,60,609.83,10LSIB,00391143
SI,LONBEGG0,4000,000,300124,876263,DRUMSTICKS 10KG BOX RTA       , 0.000,T1,0.00,50,510.29,10DSB,00391140
SI,LONBEGG0,4000,000,300124,876263,OYSTER THIGH RTA BOX          , 0.000,T1,0.00,100,1515.32,OTRTB,00391140
SI,LONBEGG0,4000,000,300124,876263,3 JOINT WINGS RTA BOX         , 0.000,T1,0.00,100,1009.66,W3JRTB,00391140
SI,LONHOU00,4000,000,300124,876264,OVEN READY (13-15) BX         , 0.000,T1,0.00,10,132.60,C1315B,00391213
SI,LONHOU00,4000,000,300124,876264,OVEN READY (20-22) BX         , 0.000,T1,0.00,30,364.48,C2022B,00391213
SI,LONHOU00,4000,000,300124,876264,INNER FILLET BX               , 0.000,T1,0.00,6,90.98,FIB,00391213
SI,LONHOU00,4000,000,300124,876264,FILLET (TRIM) BX              , 0.000,T1,0.00,2,40.18,FTB,00391213
SI,LONREH00,4000,000,300124,876265,INNER FILLET BX               , 0.000,T1,0.00,10,151.07,FIB,00391249
SI,LONREH00,4000,000,300124,876265,LEG (JUMBO) BOX               , 0.000,T1,0.00,20,257.98,LJB,00391249
SI,LONJES00,4000,000,300124,876266,MID & PRIME BX-RED TRACTOR    , 0.000,T1,0.00,100,1507.12,MIDPRIB,00391254
SI,LONJES00,4000,000,300124,876266,3-JOINT WINGS BX- TIPP OFF RTA, 0.000,T1,0.00,50,754.05,W3JB2,00391254
SI,LONOSPPL,,000,300124,876267,CHICKEN LARGE BLUE BOX PALLET , 0.000,T1,0.00,4,1991.50,CLBP,00391161
SI,LONADHF0,4006,000,300124,876268,OVEN READY (11-12) HBX        , 0.000,T1,0.00,25,324.50,C1112BH,00391285
SI,LONADHF0,4006,000,300124,876268,OVEN READY (12-13) HBX        , 0.000,T1,0.00,20,284.21,C1213BH,00391285
SI,LONADHF0,4000,000,300124,876268,OVEN READY (LRG) HBX          , 0.000,T1,0.00,40,446.52,CLBH,00391285
SI,LONADHF0,4000,000,300124,876268,OVEN READY (LRG) H PALLET     , 0.000,T1,0.00,10,5139.50,CLPH2,00391285
SI,LONPRHAL,,000,300124,876269,CHICKEN LARGE BLUE BOX PALLET , 0.000,T1,0.00,3,1506.00,CLBP,00391286
SI,LONZAF00,4000,000,300124,876270,DRUMSTICKS 10KG BOX RTA       , 0.000,T1,0.00,25,256.20,10DSB,00391261
SI,LONZAF00,4000,000,300124,876270,LEG (L) BX                    , 0.000,T1,0.00,122,1410.89,LLB,00391261
SI,LONZAF00,4000,000,300124,876270,B WINGS (NIBLET) BX           , 0.000,T1,0.00,10,150.61,NB,00391261
SI,LONHELL1,4000,000,300124,876271,DICED FILLET 390G X35 PACKS   , 0.000,T1,0.00,18,248.04,PDF39035,00391174
SI,LONHELL1,4000,000,300124,876271,DICED FILLET 520G X25 PACKS   , 0.000,T1,0.00,27,354.80,PDF52025,00391174
SI,LONHELL1,4000,000,300124,876271,DICED THIGH 350G X40 PACKS TRA, 0.000,T1,0.00,4,56.87,PDT35040,00391174
SI,LONHELL1,4000,000,300124,876271,DICED THIGH 390G X35 PACKS    , 0.000,T1,0.00,23,317.82,PDT39035,00391174
SI,LONHELL1,4000,000,300124,876271,DICED THIGH 520G X25 PACKS    , 0.000,T1,0.00,34,447.06,PDT52025,00391174
SI,LONWIN00,4000,000,300124,876272,DRUMSTICKS 10KG BOX RTA       , 0.000,T1,0.00,15,152.75,10DSB,00391220
SI,LONWIN00,4000,000,300124,876272,SINGLE LEG BX- 10 KG BOX      , 0.000,T1,0.00,50,513.90,10LSIB,00391220
SI,LONWIN00,4006,000,300124,876272,OVEN READY (11-12) BOX        , 0.000,T1,0.00,20,277.42,C1112B,00391220
SI,LONWIN00,4006,000,300124,876272,OVEN READY (12-13) BX         , 0.000,T1,0.00,40,529.81,C1213B,00391220
SI,LONWIN00,4000,000,300124,876272,OVEN READY (13-15) BX         , 0.000,T1,0.00,40,525.23,C1315B,00391220
SI,LONWIN00,4000,000,300124,876272,OVEN READY (15-17) BX         , 0.000,T1,0.00,61,809.88,C1517B,00391220
SI,LONZABHG,4000,000,300124,876273,DRUMSTICKS (SML) HMC 10KG BOX , 0.000,T1,0.00,3,30.49,10DSBH,00391195
SI,LONZABHG,4000,000,300124,876273,SINGLE LEG HBX                , 0.000,T1,0.00,20,203.35,10LSIBH,00391195
SI,LONZABHG,4006,000,300124,876273,OVEN READY (12-13) HBX        , 0.000,T1,0.00,20,282.60,C1213BH,00391195
SI,LONZABHG,4000,000,300124,876273,OVEN READY (13-15) HBX        , 0.000,T1,0.00,20,289.89,C1315BH,00391195
SI,LONZABHG,4000,000,300124,876273,OVEN READY (15-17) HBX        , 0.000,T1,0.00,20,263.62,C1517BH,00391195
SI,LONZABHG,4000,000,300124,876273,OVEN READY (LRG) HBX          , 0.000,T1,0.00,80,944.22,CLBH,00391195
SI,LONZABHG,4000,000,300124,876273,OVEN READY (LRG) HMC BLUE PAL-, 0.000,T1,0.00,1,512.50,CLPHBB,00391195
SI,LONZABHG,4000,000,300124,876273,FLAT MID WINGS HMC BOX        , 0.000,T1,0.00,5,75.33,FWHB,00391195
SI,LONZABHG,4000,000,300124,876273,B WINGS (NIBLET-SK/OF) BX     , 0.000,T1,0.00,1,15.08,NBH,00391195
SI,LONZABHG,4000,000,300124,876273,B WINGS (NIBLET-SK/ON) HBX    , 0.000,T1,0.00,5,75.27,NBHON,00391195
SI,LONPRHAL,,000,300124,876274,CHICKEN LARGE BLUE BOX PALLET , 0.000,T1,0.00,22,11464.00,CLBP,00391142
SI,LONSHAD0,4006,000,300124,876275,OVEN READY (11-12) BOX        , 0.000,T1,0.00,10,141.52,C1112B,00391144
SI,LONTMC00,4000,000,300124,876276,DRUMSTICKS 10KG BOX RTA       , 0.000,T1,0.00,50,511.23,10DSB,00391172
SI,LONTMC00,4000,000,300124,876276,SINGLE LEG BX- 10 KG BOX      , 0.000,T1,0.00,20,203.16,10LSIB,00391172
SI,LONTMC00,4000,000,300124,876276,SINGLE LEG HBX                , 0.000,T1,0.00,15,152.32,10LSIBH,00391172
SI,LONTMC00,4006,000,300124,876276,OVEN READY (11-12) BOX        , 0.000,T1,0.00,20,280.78,C1112B,00391172
SI,LONTMC00,4006,000,300124,876276,OVEN READY (11-12) HBX        , 0.000,T1,0.00,30,397.51,C1112BH,00391172
SI,LONTMC00,4000,000,300124,876276,OVEN READY (20-22) BX         , 0.000,T1,0.00,40,485.70,C2022B,00391172
SI,LONTMC00,,000,300124,876276,CHICKEN LARGE BLUE BOX PALLET , 0.000,T1,0.00,4,2105.50,CLBP,00391172
SI,LONTMC00,4000,000,300124,876276,OVEN READY (LRG) HMC BLUE PAL-, 0.000,T1,0.00,7,3637.50,CLPHBB,00391172
SI,LONTMC00,4000,000,300124,876276,OVEN READY (LRG) WHITE PALLET(, 0.000,T1,0.00,1,522.00,CLPWB,00391172
SI,LONTMC00,4000,000,300124,876276,FILLET (TRIM) BX              , 0.000,T1,0.00,30,603.40,FTB,00391172
SI,LONTMC00,4000,000,300124,876276,FLAT MID WINGS BOX            , 0.000,T1,0.00,10,150.79,FWB,00391172
SI,LONTMC00,4006,000,300124,876276,POUSIN (800-1100) X12 BX      , 0.000,T1,0.00,5,63.18,P8011B12,00391172
SI,LONT&S00,4000,000,300124,876277,DRUMSTICKS (SML) HMC 10KG BOX , 0.000,T1,0.00,3,30.31,10DSBH,00391223
SI,LONT&S00,4000,000,300124,876277,SINGLE LEG HBX                , 0.000,T1,0.00,10,101.66,10LSIBH,00391223
SI,LONT&S00,4006,000,300124,876277,OVEN READY (11-12) HBX        , 0.000,T1,0.00,40,526.68,C1112BH,00391223
SI,LONT&S00,4000,000,300124,876277,OVEN READY (15-17) HBX        , 0.000,T1,0.00,2,26.46,C1517BH,00391223
SI,LONT&S00,4000,000,300124,876277,DRUMSTICKS (SML) HBX          , 0.000,T1,0.00,2,30.19,DSBH,00391223
SI,LONT&S00,4000,000,300124,876277,INNER FILLET HBX              , 0.000,T1,0.00,5,75.29,FIBH,00391223
SI,LONT&S00,4000,000,300124,876277,FULL LEG MEAT HBX             , 0.000,T1,0.00,10,150.46,FLMBH,00391223
SI,LONT&S00,4000,000,300124,876277,FILLET (TRIM) HBX             , 0.000,T1,0.00,30,602.09,FTBH,00391223
SI,LONT&S00,4000,000,300124,876277,FLAT MID WINGS HMC BOX        , 0.000,T1,0.00,5,75.38,FWHB,00391223
SI,LONT&S00,4000,000,300124,876277,B WINGS (NIBLET-SK/OF) BX     , 0.000,T1,0.00,2,30.78,NBH,00391223
SI,LONT&S00,4000,000,300124,876277,FILLET (OFF-CUT)  BX          , 0.000,T1,0.00,10,151.02,OFFTHB,00391223
SI,LONLAKIT,4000,000,300124,876278,FILLET (OFF-CUT)  BX          , 0.000,T1,0.00,13,195.70,OFFCUTB,00391251
SI,LONLAKIT,4000,000,300124,876278,FILLET (OFF-CUT)  BX          , 0.000,T1,0.00,40,601.36,OFFTHB,00391251
SI,LONABH20,4000,000,300124,876279,DRUMSTICKS (SML) HMC 10KG BOX , 0.000,T1,0.00,15,152.42,10DSBH,00391165
SI,LONABH20,4000,000,300124,876279,SINGLE LEG HBX                , 0.000,T1,0.00,70,713.09,10LSIBH,00391165
SI,LONABH20,4006,000,300124,876279,OVEN READY (12-13) HBX        , 0.000,T1,0.00,10,131.62,C1213BH,00391165
SI,LONABH20,4000,000,300124,876279,OVEN READY (13-15) HBX        , 0.000,T1,0.00,15,210.38,C1315BH,00391165
SI,LONABH20,4000,000,300124,876279,OVEN READY (15-17) HBX        , 0.000,T1,0.00,10,131.32,C1517BH,00391165
SI,LONABH20,4000,000,300124,876279,OVEN READY (LRG) HBX          , 0.000,T1,0.00,15,168.92,CLBH,00391165
SI,LONABH20,4000,000,300124,876279,FLAT MID WINGS HMC BOX        , 0.000,T1,0.00,3,45.52,FWHB,00391165
SI,LONSUPHP,4000,000,300124,876280,DRUMSTICKS 10KG BOX RTA       , 0.000,T1,0.00,15,151.50,10DSB,00391192
SI,LONSUPHP,4006,000,300124,876280,OVEN READY (11-12) BOX        , 0.000,T1,0.00,10,134.58,C1112B,00391192
SI,LONHAL00,4006,000,300124,876281,OVEN READY (12-13) BX         , 0.000,T1,0.00,10,133.78,C1213B,00391198
SI,LONHAL00,4000,000,300124,876281,OVEN READY (17-20)  BOX       , 0.000,T1,0.00,1,15.04,C1720B,00391198
SI,LONHAL00,4000,000,300124,876281,B WINGS (NIBLET) BX           , 0.000,T1,0.00,2,30.14,NB,00391198
SI,LONHAL00,4006,000,300124,876281,POUSIN (800-1100) X12 BX      , 0.000,T1,0.00,6,73.74,P8011B12,00391198
SI,LONRAPHM,4000,000,300124,876282,DRUMSTICKS 10KG BOX RTA       , 0.000,T1,0.00,40,407.98,10DSB,00391206
SI,LONRAPHM,4000,000,300124,876282,SINGLE LEG BX- 10 KG BOX      , 0.000,T1,0.00,40,405.54,10LSIB,00391206
SI,LONPAKPO,4000,000,300124,876283,DRUMSTICKS 10KG BOX RTA       , 0.000,T1,0.00,5,51.07,10DSB,00391150
SI,LONPAKPO,4000,000,300124,876283,DRUMSTICKS (SML) HMC 10KG BOX , 0.000,T1,0.00,25,255.84,10DSBH,00391150
SI,LONPAKPO,4000,000,300124,876283,SINGLE LEG BX- 10 KG BOX      , 0.000,T1,0.00,7,70.85,10LSIB,00391150
SI,LONPAKPO,4000,000,300124,876283,SINGLE LEG HBX                , 0.000,T1,0.00,25,253.74,10LSIBH,00391150
SI,LONPAKPO,4006,000,300124,876283,OVEN READY (11-12) BOX        , 0.000,T1,0.00,10,137.54,C1112B,00391150
SI,LONPAKPO,4006,000,300124,876283,OVEN READY (11-12) HBX        , 0.000,T1,0.00,20,264.08,C1112BH,00391150
SI,LONPAKPO,4006,000,300124,876283,OVEN READY (12-13) HBX        , 0.000,T1,0.00,40,569.96,C1213BH,00391150
SI,LONPAKPO,4000,000,300124,876283,OVEN READY (13-15) HBX        , 0.000,T1,0.00,90,1313.64,C1315BH,00391150
SI,LONPAKPO,4000,000,300124,876283,OVEN READY (LRG) BX           , 0.000,T1,0.00,60,840.80,CLB,00391150
SI,LONPAKPO,4000,000,300124,876283,OVEN READY (LRG) PALLET       , 0.000,T1,0.00,3,2034.50,CLP,00391150
SI,LONPAKPO,4000,000,300124,876283,OVEN READY (LRG) H PALLET     , 0.000,T1,0.00,6,3239.00,CLPH,00391150
SI,LONPAKPO,4000,000,300124,876283,OVEN READY (LRG) HMC BLUE PAL-, 0.000,T1,0.00,5,2619.50,CLPHBB,00391150
SI,LONPAKPO,4000,000,300124,876283,FLAT MID WINGS HMC BOX        , 0.000,T1,0.00,5,75.49,FWHB,00391150
SI,LONPAKPO,4000,000,300124,876283,CHICKEN LIVER HBX             , 0.000,T1,0.00,5,77.20,LVBH,00391150
SI,LONPAKPO,4006,000,300124,876283,POUSIN (800-1100) X12 BX      , 0.000,T1,0.00,10,122.84,P8011B12,00391150
SI,LONPAKPO,4006,000,300124,876283,POUSIN (800-1100) X12 HBX     , 0.000,T1,0.00,15,184.10,P811BH12,00391150
SI,LONHAL00,4000,000,300124,876284,OVEN READY (17-18) PALLET     , 0.000,T1,0.00,3,1608.50,C1718T,00391162
SI,LONHAL00,4000,000,300124,876284,OVEN READY (19-20) PALLET     , 0.000,T1,0.00,3,1641.50,C1920T,00391162
SI,LONHAL00,4006,000,300124,876285,OVEN READY (12-13) BX         , 0.000,T1,0.00,5,66.60,C1213B,00391212
SI,LONHAL00,4000,000,300124,876285,B WINGS (NIBLET) BX           , 0.000,T1,0.00,1,15.07,NB,00391212
SI,LONHAL00,4006,000,300124,876285,POUSIN (800-1100) X12 BX      , 0.000,T1,0.00,2,25.02,P8011B12,00391212
SI,LONHAL00,4006,000,300124,876286,OVEN READY (12-13) BX         , 0.000,T1,0.00,6,79.30,C1213B,00391205
SI,LONHAL00,4000,000,300124,876286,B WINGS (NIBLET) BX           , 0.000,T1,0.00,1,15.08,NB,00391205
SI,LONHAL00,4006,000,300124,876286,POUSIN (800-1100) X12 BX      , 0.000,T1,0.00,4,50.56,P8011B12,00391205
SI,LONHAL00,4006,000,300124,876287,OVEN READY (12-13) BX         , 0.000,T1,0.00,8,105.80,C1213B,00391201
SI,LONHAL00,4000,000,300124,876287,B WINGS (NIBLET) BX           , 0.000,T1,0.00,2,30.17,NB,00391201
SI,LONHAL00,4006,000,300124,876287,POUSIN (800-1100) X12 BX      , 0.000,T1,0.00,8,100.88,P8011B12,00391201
SI,LONHAL00,4006,000,300124,876288,OVEN READY (12-13) BX         , 0.000,T1,0.00,3,39.62,C1213B,00391208
SI,LONHAL00,4000,000,300124,876288,OVEN READY (17-20)  BOX       , 0.000,T1,0.00,15,223.42,C1720B,00391208
SI,LONHAL00,4000,000,300124,876288,B WINGS (NIBLET) BX           , 0.000,T1,0.00,1,15.06,NB,00391208
SI,LONHAL00,4006,000,300124,876288,POUSIN (800-1100) X12 BX      , 0.000,T1,0.00,4,51.12,P8011B12,00391208
SI,LONNBFO0,4006,000,300124,876289,MID & PRIMES RTA 40-80G PALLET, 0.000,T1,0.00,8,4370.00,MPRTAP,00391156
SI,LONSHAR0,4000,000,300124,876290,DRUMSTICKS 10KG BOX RTA       , 0.000,T1,0.00,20,204.34,10DSB,00391145
SI,LONSHAR0,4000,000,300124,876290,SINGLE LEG BX- 10 KG BOX      , 0.000,T1,0.00,20,202.98,10LSIB,00391145
SI,LONSHAR0,4006,000,300124,876290,OVEN READY (11-12) BOX        , 0.000,T1,0.00,20,240.14,C1112B,00391145
SI,LONSHAR0,,000,300124,876290,CHICKEN LARGE BLUE BOX PALLET , 0.000,T1,0.00,3,1781.00,CLBP,00391145
SI,LONGDF00,4000,000,300124,876291,OVEN READY (13-15) HBX        , 0.000,T1,0.00,40,598.50,C1315BH,00391137
SI,LONGDF00,4000,000,300124,876291,CARCASS BX-DOLAV              , 0.000,T1,0.00,6,4447.50,CARDBX,00391137
SI,LONGDF00,4000,000,300124,876291,CARCASS BX-DOLAV HMC          , 0.000,T1,0.00,2,1476.50,CARDHBX,00391137
SI,LONGDF00,4000,000,300124,876291,FLAT MID WINGS HMC BOX        , 0.000,T1,0.00,25,376.69,FWHB,00391137
SI,LONCFE00,4000,000,300124,876292,CHICKEN THIGHMEAT 90-130G     , 0.000,T1,0.00,40,602.03,TMR9013T,00391244
SI,LONADDO0,4006,000,300124,876293,FILLET RTA TRAYS              , 0.000,T1,0.00,25,502.72,ADOFRTT,00391175
SI,LONADDO0,4006,000,300124,876293,THIGH MEAT TRAY               , 0.000,T1,0.00,25,500.91,ADOTMRTT,00391175
SI,LONADDO0,4000,000,300124,876293,DICED CHICKEN FILLET-20MM TRAY, 0.000,T1,0.00,3,45.26,FD20MMT,00391175
SI,LONADDO0,4000,000,300124,876293,DICED CHICKEN THIGH -20MM TRAY, 0.000,T1,0.00,3,45.14,THD20MM,00391175
SI,LONADHF0,4000,000,300124,876294,DRUMSTICKS 10KG BOX RTA       , 0.000,T1,0.00,20,201.62,10DSB,00391139
SI,LONADHF0,4000,000,300124,876294,DRUMSTICKS (SML) HMC 10KG BOX , 0.000,T1,0.00,20,204.85,10DSBH,00391139
SI,LONADHF0,4000,000,300124,876294,SINGLE LEG BX- 10 KG BOX      , 0.000,T1,0.00,20,203.04,10LSIB,00391139
SI,LONADHF0,4000,000,300124,876294,SINGLE LEG HBX                , 0.000,T1,0.00,40,405.90,10LSIBH,00391139
SI,LONADHF0,4006,000,300124,876294,OVEN READY (11-12) BOX        , 0.000,T1,0.00,20,277.90,C1112B,00391139
SI,LONADHF0,4000,000,300124,876294,OVEN READY (LRG) H PALLET     , 0.000,T1,0.00,7,3604.50,CLPH2,00391139
SI,LONCOOT0,4000,000,300124,876295,DRUMSTICKS 10KG BOX RTA       , 0.000,T1,0.00,20,204.77,10DSB,00391138
SI,LONCOOT0,4000,000,300124,876295,SINGLE LEG BX- 10 KG BOX      , 0.000,T1,0.00,60,608.52,10LSIB,00391138
SI,LONCOOT0,4006,000,300124,876295,OVEN READY (11-12) BOX        , 0.000,T1,0.00,10,141.44,C1112B,00391138
SI,LONCOOT0,4000,000,300124,876295,OVEN READY (17-20) HBX        , 0.000,T1,0.00,5,72.66,C1720BH,00391138
SI,LONPETG0,4000,000,300124,876296,CHICKEN THIGHMEAT BX          , 0.000,T1,0.00,15,225.69,CTMB2,00391207
SI,LONPETG0,4000,000,300124,876296,DRUMSTICKS (SML) BX           , 0.000,T1,0.00,2,30.25,DSB,00391207
SI,LONPETG0,4000,000,300124,876296,FILLET 170-200G (INER) RT BOX , 0.000,T1,0.00,30,451.69,F1720RTB,00391207
SI,LONPETG0,4000,000,300124,876296,FILLET 200-230G (INER) RT BOX , 0.000,T1,0.00,10,150.55,F2023RTB,00391207
SI,LONPETG0,4000,000,300124,876296,FILLET (OFF-CUT)  BX          , 0.000,T1,0.00,15,226.60,OFFCUTB,00391207
SI,LONPETG0,4000,000,300124,876296,OYSTER LEG BX                 , 0.000,T1,0.00,22,333.92,OLB,00391207
SI,LONPETG0,4000,000,300124,876296,OYSTER THIGH RTA BOX          , 0.000,T1,0.00,5,76.00,OTRTB,00391207
SI,LONPETG0,4000,000,300124,876296,DICED CHICKEN THIGH-25MM BOX  , 0.000,T1,0.00,4,60.29,TD25MMB,00391207
SI,LONPETG0,4000,000,300124,876296,3-JOINT WINGS BX- TIPP OFF RTA, 0.000,T1,0.00,15,226.02,W3JB2,00391207
SI,LONPETG0,4000,000,300124,876296,3 JOINT WINGS RTA BOX         , 0.000,T1,0.00,35,527.47,W3JRTB,00391207
SI,LONPRIMS,4000,000,300124,876297,CHICKEN PAWS (L) BX           , 0.000,T1,0.00,40,600.00,FELB,00391147
SI,LONPRIMS,4000,000,300124,876297,CHICKEN BACK DOUBLE DOLAV-0207, 0.000,T1,0.00,20,15178.00,JTMBDD,00391147
SI,LONPRIMS,4000,000,300124,876297,CARCASS DOLAV- 02071399       , 0.000,T1,0.00,1,257.00,JTMCD,00391147
SI,LONPRIMS,4000,000,300124,876297,CARCASS DOUBLE DOLAV- 02071399, 0.000,T1,0.00,3,1744.00,JTMCDD,00391147
SI,LONPRIMS,4000,000,300124,876297,CHICKEN NECK DOLAV- 02071340  , 0.000,T1,0.00,1,491.00,JTMND,00391147
SI,LONMANPL,4000,000,300124,876298,SINGLE LEG BX- 10 KG BOX      , 0.000,T1,0.00,80,810.49,10LSIB,00391146
SI,LONJAME0,4000,000,300124,876299,FILLET RTA 250-300G TRAYS 2SFG, 0.000,T1,0.00,1,15.03,FR25302S,00391155
SI,LONJAME0,4006,000,300124,876299,FILLET (TRIM) TRAY            , 0.000,T1,0.00,32,482.86,FTT,00391155
SI,LONBEL00,4000,000,300124,876300,CARCASS DOUBLE DOLAV- 02071399, 0.000,T1,0.00,26,14579.00,JTMCDD,00391148
SI,LONGAF01,4006,000,300124,876301,WISHBONE FROZEN PALLET 50 HEIG, 0.000,T1,0.00,26,26000.00,WFP,00391276
SI,MANPKFOO,4000,000,300124,876302,DRUMSTICKS (SML) HMC 10KG BOX , 0.000,T1,0.00,5,50.92,10DSBH,00391216
SI,MANPKFOO,4000,000,300124,876302,SINGLE LEG HBX                , 0.000,T1,0.00,5,50.93,10LSIBH,00391216
SI,MANPKFOO,4006,000,300124,876302,OVEN READY (11-12) HBX        , 0.000,T1,0.00,20,230.42,C1112BH,00391216
SI,MANPKFOO,4000,000,300124,876302,FILLET (TRIM) HBX             , 0.000,T1,0.00,15,302.61,FTBH,00391216
SI,MANFOODB,4000,000,300124,876303,DRUMSTICKS (SML) HMC 10KG BOX , 0.000,T1,0.00,2,20.28,10DSBH,00391214
SI,MANFOODB,4000,000,300124,876303,OVEN READY (15-17) HBX        , 0.000,T1,0.00,1,13.04,C1517BH,00391214
SI,MANFOODB,4000,000,300124,876303,INNER FILLET HBX              , 0.000,T1,0.00,2,30.18,FIBH,00391214
SI,MANFOODB,4000,000,300124,876303,FULL LEG MEAT HBX             , 0.000,T1,0.00,3,45.19,FLMBH,00391214
SI,MANFOODB,4000,000,300124,876303,FILLET (TRIM) HBX             , 0.000,T1,0.00,6,121.27,FTBH,00391214
SI,MANFOODB,4000,000,300124,876303,CHICKEN LIVER HBX             , 0.000,T1,0.00,1,15.05,LVBH,00391214
SI,MANFOODB,4000,000,300124,876303,B WINGS (NIBLET-SK/OF) BX     , 0.000,T1,0.00,1,15.15,NBH,00391214
SI,MANFOODB,4006,000,300124,876303,POUSIN (800-1100) X12 HBX     , 0.000,T1,0.00,8,102.14,P811BH12,00391214
SI,MANFOODB,4000,000,300124,876303,3-JOINT WINGS HBX             , 0.000,T1,0.00,2,30.19,W3JBH,00391214
SI,MANEAST0,4006,000,300124,876304,OVEN READY (11-12) BOX        , 0.000,T1,0.00,4,53.34,C1112B,00391215
SI,MANEAST0,4000,000,300124,876304,OVEN READY (LRG) BX           , 0.000,T1,0.00,6,88.56,CLB,00391215
SI,LONQUELY,4000,000,300124,876305,OVEN READY (15-17) BX         , 0.000,T1,0.00,2,26.74,C1517B,00391253
SI,LONQUELY,4000,000,300124,876305,INNER FILLET HBX              , 0.000,T1,0.00,1,15.10,FIBH,00391253
SI,LONQUELY,4000,000,300124,876305,3-JOINT WINGS BX              , 0.000,T1,0.00,2,30.18,W3JB,00391253
SI,LONSCTR0,4000,000,300124,876306,DICED BREAST FILLET 20MM BOX  , 0.000,T1,0.00,80,1204.58,DF20RB,00391157
